1.334953, 2.993603e-12 
2.6918218, 7.608371e-12 
5.4071647, 7.387206e-12 
4.0494691, 5.539079e-12 
6.7648147, 2.572997e-11 
8.1217801, 2.784177e-11 
9.4794637, 2.029016e-11 
10.8371489, 1.976526e-11 
12.1948421, 1.564131e-11 
13.5518626, 4.03505e-12 
14.9095838, 2.891196e-12 
16.2672871, 6.361703e-11 
17.6250177, 8.234309e-11 
18.9820939, 1.007894e-10 
20.3398477, 9.136972e-11 
21.6976004, 6.069254e-12 
23.0553585, 1.33939e-11 
24.412485, 5.560949e-11 
25.77026, 1.320196e-10 
27.1280911, 2.782948e-10 
28.4858629, 2.125722e-10 
29.8430304, 1.026357e-10 
32.5587362, 3.548793e-10 
31.2008139, 2.134369e-11 
33.91651, 5.981988e-10 
35.2737103, 7.276869e-10 
36.6314913, 6.073573e-10 
37.989496, 3.167436e-11 
39.3472637, 1.840389e-10 
40.704491, 7.103404e-10 
42.0622618, 1.270436e-09 
43.4203264, 1.069757e-09 
44.7780816, 3.091369e-10 
46.1353317, 5.650326e-11 
48.8511897, 2.736044e-09 
47.4930877, 7.472996e-10 
50.208927, 2.072425e-09 
51.5661975, 6.128532e-10 
52.9239361, 6.525554e-11 
54.282057, 3.028401e-09 
55.639773, 3.964324e-09 
56.9970628, 2.43547e-09 
58.3547821, 3.177506e-10 
59.7129037, 2.336442e-09 
61.0705968, 5.034338e-09 
62.427907, 4.434986e-09 
65.1437129, 1.511542e-09 
63.7856062, 1.255533e-09 
66.5013841, 5.104533e-09 
67.8587179, 5.224439e-09 
69.216397, 1.639337e-09 
70.5744788, 1.172524e-09 
71.9321297, 4.651689e-09 
73.2894922, 4.292406e-09 
74.6471526, 8.627008e-10 
76.0051988, 1.87885e-09 
77.3628308, 4.552165e-09 
78.7202296, 2.742973e-09 
81.4358705, 3.548804e-09 
80.0778751, 8.848644e-11 
82.7934866, 4.270468e-09 
84.1509311, 1.263877e-09 
85.5085666, 1.319384e-10 
86.8664998, 3.793477e-09 
88.2241042, 2.26207e-09 
89.5816028, 2.402845e-10 
90.9392315, 6.514019e-10 
92.2971015, 1.329318e-09 
93.6546984, 1.268961e-10 
95.0122562, 4.896556e-10 
96.3698777, 9.003021e-10 
99.0852847, 9.965088e-10 
101.8005144, 7.2629e-10 
104.5158703, 1.753151e-09 
107.2311499, 7.825184e-10 
1.3345543, 9.834804e-12 
2.6922161, 9.840013e-12 
4.0498471, 1.255444e-11 
5.4067888, 2.178881e-11 
6.7644525, 2.236378e-11 
8.1221395, 5.980519e-12 
9.4798112, 1.744233e-12 
10.8368038, 5.792132e-12 
13.5521973, 5.474562e-11 
12.1945067, 1.586307e-11 
14.90991, 4.963904e-11 
16.2669584, 3.980433e-11 
17.6246971, 2.402718e-11 
18.982421, 2.6556e-11 
20.3401671, 6.280346e-11 
21.6972696, 1.067075e-10 
24.4128246, 9.797467e-11 
23.0550355, 1.443168e-10 
25.7705912, 4.084066e-11 
27.1277394, 8.498303e-12 
28.4855202, 4.698794e-11 
29.8433966, 4.035987e-10 
31.2011706, 4.579611e-10 
32.5583554, 3.893717e-10 
33.9161388, 2.036509e-10 
35.2741046, 1.357051e-10 
36.6318762, 4.653037e-10 
37.9890906, 8.689437e-10 
40.704905, 3.267172e-10 
39.3468673, 1.042413e-09 
42.0626671, 3.36113e-11 
43.4199063, 3.318671e-10 
44.7776701, 1.123928e-09 
46.1357558, 1.988652e-09 
47.4935026, 1.059883e-09 
48.8507632, 1.253584e-10 
50.2085108, 3.202331e-10 
51.5666244, 3.067079e-09 
52.9243514, 3.094847e-09 
54.2816317, 1.423833e-09 
56.9974842, 2.732415e-09 
55.6393606, 6.405093e-11 
58.3551889, 4.596353e-09 
59.7124886, 3.478789e-09 
61.0701977, 7.607842e-10 
62.4283136, 1.876583e-09 
63.7859955, 5.126894e-09 
65.1433169, 5.018208e-09 
66.501006, 1.591164e-09 
67.8591015, 1.215086e-09 
69.2167622, 4.812967e-09 
70.5741096, 4.873924e-09 
73.2898447, 1.365591e-09 
71.9317792, 1.333069e-09 
74.6474859, 4.52664e-09 
76.0048656, 3.499009e-09 
77.3625179, 3.847918e-10 
78.7205405, 2.68357e-09 
80.0781641, 4.539522e-09 
81.4355847, 1.967232e-09 
82.7932245, 1.041848e-11 
84.1511896, 4.025349e-09 
85.5087993, 3.470432e-09 
86.8662701, 6.389057e-10 
89.581803, 2.652359e-09 
88.2239018, 3.77172e-10 
90.939403, 8.828711e-10 
92.296931, 1.770765e-10 
93.6545563, 8.51708e-10 
95.0123973, 3.239239e-10 
96.3699918, 2.458038e-10 
97.7275798, 1.095088e-09 
99.0851967, 8.316119e-10 
100.442986, 4.267705e-10 
101.8005777, 1.767274e-09 
103.158225, 1.872502e-09 
105.8735725, 4.833638e-10 
104.5158318, 7.220922e-10 
107.231163, 1.077137e-09 
2.6918218, 7.395396e-12 
5.4071646, 6.741203e-12 
8.12178, 2.652862e-11 
10.8371488, 1.927314e-11 
13.5518625, 3.95245e-12 
16.2672871, 5.9368e-11 
18.9820939, 9.62904e-11 
21.6976005, 6.809442e-12 
24.4124851, 5.175644e-11 
27.1280912, 2.724485e-10 
29.8430305, 1.042743e-10 
32.5587362, 3.388467e-10 
35.2737103, 7.15442e-10 
37.9894959, 3.320192e-11 
40.704491, 6.903077e-10 
43.4203263, 1.060962e-09 
46.1353317, 5.3528e-11 
48.8511895, 2.723594e-09 
51.5661976, 6.124977e-10 
54.2820569, 3.014105e-09 
56.9970628, 2.431737e-09 
59.7129037, 2.287996e-09 
62.427907, 4.375146e-09 
65.1437131, 1.442628e-09 
67.8587179, 5.117233e-09 
70.5744789, 1.145606e-09 
73.2894922, 4.222214e-09 
76.0051987, 1.893489e-09 
78.7202296, 2.729466e-09 
81.4358703, 3.520246e-09 
84.1509312, 1.254387e-09 
86.8664996, 3.653045e-09 
89.5816028, 2.336088e-10 
92.2971014, 1.231728e-09 
95.0122561, 5.211065e-10 
97.727692, 1.362174e-10 
100.4429026, 1.692462e-09 
103.1582798, 6.794169e-10 
105.8735473, 1.674463e-09 
1.334953, 2.91739e-12 
2.6922161, 9.5836e-12 
5.4067887, 2.185886e-11 
4.0494691, 5.521845e-12 
6.7648147, 2.547173e-11 
8.1221394, 6.470333e-12 
9.4794637, 1.947318e-11 
10.8368037, 5.589187e-12 
13.5521973, 5.356786e-11 
12.1948421, 1.519965e-11 
14.9095837, 2.588051e-12 
16.2669584, 3.943491e-11 
17.6250177, 7.988784e-11 
18.982421, 2.535143e-11 
20.3398477, 8.850194e-11 
21.6972696, 1.026245e-10 
24.4128247, 9.873837e-11 
23.0553586, 1.207753e-11 
25.7702601, 1.282276e-10 
27.1277394, 9.391282e-12 
28.485863, 2.10436e-10 
29.8433967, 3.919564e-10 
32.5583555, 3.832553e-10 
31.200814, 2.08539e-11 
33.91651, 5.813952e-10 
35.2741045, 1.283386e-10 
36.6314913, 6.034665e-10 
37.9890906, 8.511101e-10 
40.7049049, 3.272499e-10 
39.3472637, 1.749953e-10 
42.0622618, 1.244386e-09 
43.4199062, 3.198e-10 
44.7780814, 3.152803e-10 
46.1357556, 1.978256e-09 
48.8507632, 1.287782e-10 
47.4930878, 7.279238e-10 
50.2089269, 2.08201e-09 
51.5666242, 3.063374e-09 
52.923936, 6.360311e-11 
54.2816316, 1.439749e-09 
56.9974842, 2.684021e-09 
55.639773, 3.95297e-09 
58.3547818, 3.225728e-10 
59.7124885, 3.471439e-09 
61.070597, 4.951398e-09 
62.4283137, 1.799478e-09 
65.143317, 4.929558e-09 
63.7856061, 1.247329e-09 
66.5013841, 4.966848e-09 
67.8591016, 1.172516e-09 
69.2163971, 1.612755e-09 
70.5741096, 4.78558e-09 
73.2898447, 1.374266e-09 
71.9321295, 4.578613e-09 
74.6471528, 8.467634e-10 
76.0048654, 3.504425e-09 
77.3628306, 4.565846e-09 
78.7205404, 2.683406e-09 
81.4355846, 2.002543e-09 
80.0778751, 8.797168e-11 
82.7934865, 4.252523e-09 
84.1511894, 3.917038e-09 
85.5085665, 1.268353e-10 
86.86627, 6.329668e-10 
89.5818028, 2.517061e-09 
88.224104, 2.157645e-09 
90.9392313, 6.52551e-10 
92.2969308, 1.809393e-10 
93.6546982, 1.009561e-10 
95.0123974, 2.949313e-10 
97.7275796, 1.149563e-09 
96.3698776, 9.085302e-10 
99.0852848, 1.089899e-09 
100.4429862, 4.826474e-10 
101.8005144, 7.496342e-10 
103.158225, 1.97153e-09 
105.8735728, 5.045094e-10 
104.5158707, 1.836448e-09 
107.2311498, 8.151627e-10 
1.3345542, 9.909113e-12 
4.0498472, 1.294079e-11 
6.7644525, 2.292152e-11 
9.4798112, 1.727984e-12 
12.1945067, 1.570806e-11 
14.90991, 5.001641e-11 
17.6246971, 2.364943e-11 
20.3401671, 6.275418e-11 
23.0550355, 1.435644e-10 
25.7705911, 3.951751e-11 
28.4855202, 4.574437e-11 
31.2011707, 4.518719e-10 
33.9161388, 2.016776e-10 
36.6318762, 4.549067e-10 
39.3468673, 1.031626e-09 
42.0626671, 3.255996e-11 
44.7776702, 1.102056e-09 
47.4935025, 1.067859e-09 
50.2085108, 3.109555e-10 
52.9243513, 3.111473e-09 
55.6393605, 6.665221e-11 
58.355189, 4.567325e-09 
61.0701976, 7.701832e-10 
63.7859958, 5.033451e-09 
66.5010061, 1.578738e-09 
69.2167622, 4.728598e-09 
71.9317793, 1.317896e-09 
74.6474856, 4.53543e-09 
77.362518, 3.923431e-10 
80.078164, 4.581594e-09 
82.7932245, 1.041512e-11 
85.5087992, 3.429222e-09 
88.2239018, 3.677437e-10 
90.9394028, 8.227855e-10 
93.6545562, 8.531108e-10 
96.3699918, 2.914663e-10 
99.0851966, 8.446791e-10 
101.8005778, 1.874315e-09 
104.5158318, 7.586911e-10 
107.2311631, 1.129788e-09 
1.334953, 3.214199e-12 
2.6918218, 7.826045e-12 
5.4071646, 6.900812e-12 
4.0494691, 5.898164e-12 
6.7648147, 2.689043e-11 
8.1217801, 2.720796e-11 
9.4794638, 2.056262e-11 
10.8371488, 2.026397e-11 
12.1948422, 1.547058e-11 
13.5518625, 4.295016e-12 
14.9095838, 2.403543e-12 
16.2672871, 6.020553e-11 
17.6250177, 8.322493e-11 
18.9820939, 9.662269e-11 
20.3398477, 9.03818e-11 
21.6976005, 7.651646e-12 
24.4124851, 5.159348e-11 
23.0553585, 1.207578e-11 
25.7702601, 1.301863e-10 
27.1280913, 2.694401e-10 
28.4858629, 2.078187e-10 
29.8430306, 1.044328e-10 
32.5587362, 3.328971e-10 
31.2008139, 1.938831e-11 
33.9165101, 5.831457e-10 
35.2737104, 7.046357e-10 
36.6314913, 5.986509e-10 
37.9894959, 3.381869e-11 
40.704491, 6.816231e-10 
39.3472638, 1.742498e-10 
42.0622619, 1.24078e-09 
43.4203262, 1.057856e-09 
44.7780814, 3.129696e-10 
46.1353316, 5.097462e-11 
48.8511893, 2.72545e-09 
47.4930878, 7.200972e-10 
50.2089268, 2.093702e-09 
51.5661974, 6.291732e-10 
52.923936, 5.970557e-11 
54.2820569, 2.992173e-09 
56.9970627, 2.457982e-09 
55.639773, 3.969219e-09 
58.3547818, 3.311798e-10 
59.7129038, 2.221471e-09 
61.0705972, 4.927604e-09 
62.4279071, 4.356491e-09 
65.1437132, 1.402601e-09 
63.7856062, 1.257363e-09 
66.5013843, 4.931802e-09 
67.858718, 5.050904e-09 
69.2163973, 1.606866e-09 
70.574479, 1.15097e-09 
73.2894921, 4.225291e-09 
71.9321294, 4.591619e-09 
74.6471528, 8.590798e-10 
76.0051987, 1.901376e-09 
77.3628304, 4.614789e-09 
78.7202294, 2.799903e-09 
81.4358702, 3.470944e-09 
80.0778751, 1.02552e-10 
82.7934865, 4.279158e-09 
84.150931, 1.285329e-09 
85.5085666, 1.189915e-10 
86.8664994, 3.573806e-09 
89.5816026, 2.250117e-10 
88.2241041, 2.157258e-09 
90.9392313, 6.436404e-10 
92.2971014, 1.171139e-09 
93.6546982, 9.614251e-11 
95.0122559, 5.318407e-10 
97.7276921, 1.714958e-10 
96.3698776, 9.07493e-10 
99.0852847, 1.152062e-09 
100.4429024, 1.765765e-09 
101.8005144, 7.709504e-10 
103.15828, 7.063598e-10 
105.8735471, 1.757535e-09 
104.5158705, 1.886925e-09 
107.2311499, 8.477732e-10 
2.6922161, 1.040338e-11 
5.4067888, 2.343737e-11 
8.1221395, 6.758927e-12 
10.8368038, 5.955864e-12 
13.5521973, 5.666307e-11 
16.2669584, 4.110698e-11 
18.982421, 2.705539e-11 
21.6972696, 1.057369e-10 
24.4128247, 9.875925e-11 
27.1277394, 1.017877e-11 
29.8433967, 3.923512e-10 
32.5583555, 3.817006e-10 
35.2741046, 1.329677e-10 
37.9890907, 8.494551e-10 
40.7049048, 3.257608e-10 
43.4199063, 3.217475e-10 
46.1357555, 1.989332e-09 
48.8507631, 1.336687e-10 
51.5666242, 3.059727e-09 
54.2816314, 1.46722e-09 
56.9974843, 2.652455e-09 
59.7124885, 3.495603e-09 
62.4283138, 1.779296e-09 
65.1433172, 4.929483e-09 
67.8591017, 1.188065e-09 
70.5741096, 4.804847e-09 
73.2898449, 1.389152e-09 
76.0048652, 3.576847e-09 
78.7205404, 2.658097e-09 
81.4355844, 2.064466e-09 
84.1511893, 3.909256e-09 
86.8662699, 6.470944e-10 
89.5818028, 2.520114e-09 
92.2969307, 1.670402e-10 
95.0123975, 3.015863e-10 
97.7275793, 1.157277e-09 
100.4429863, 5.079992e-10 
103.1582247, 2.018939e-09 
105.8735729, 4.910273e-10 
1.3345542, 1.037254e-11 
2.6918217, 8.320503e-12 
5.4071647, 7.661059e-12 
4.0498471, 1.40038e-11 
6.7644525, 2.445901e-11 
8.1217801, 2.880163e-11 
9.4798113, 1.880366e-12 
10.8371489, 2.169475e-11 
13.5518626, 4.469477e-12 
12.1945068, 1.681008e-11 
14.9099101, 5.246679e-11 
16.2672871, 6.43919e-11 
17.6246972, 2.442756e-11 
18.9820939, 1.012453e-10 
20.3401671, 6.691921e-11 
21.6976004, 7.474679e-12 
24.412485, 5.514975e-11 
23.0550355, 1.490223e-10 
25.770591, 3.77984e-11 
27.1280912, 2.724629e-10 
28.4855201, 4.717068e-11 
29.8430305, 1.030949e-10 
32.5587363, 3.454023e-10 
31.2011706, 4.558358e-10 
33.9161387, 1.990146e-10 
36.6318763, 4.662194e-10 
35.2737104, 7.110346e-10 
37.989496, 3.224108e-11 
40.7044911, 6.93779e-10 
39.3468673, 1.03508e-09 
42.0626672, 3.138902e-11 
43.4203262, 1.07031e-09 
44.7776702, 1.11411e-09 
46.1353316, 5.275342e-11 
48.8511894, 2.741622e-09 
47.4935025, 1.063471e-09 
50.2085108, 3.101092e-10 
52.9243514, 3.127574e-09 
51.5661972, 6.394317e-10 
54.2820569, 2.983575e-09 
56.9970626, 2.48161e-09 
55.6393606, 6.584598e-11 
58.3551891, 4.596252e-09 
59.7129039, 2.238046e-09 
61.0701978, 7.814847e-10 
62.4279072, 4.391894e-09 
65.1437132, 1.443574e-09 
63.7859959, 5.067168e-09 
66.5010063, 1.591092e-09 
69.2167622, 4.785162e-09 
67.8587181, 5.120089e-09 
70.574479, 1.176297e-09 
73.289492, 4.298932e-09 
71.9317794, 1.333822e-09 
74.6474856, 4.59008e-09 
76.0051988, 1.89443e-09 
77.362518, 4.160918e-10 
78.7202293, 2.851543e-09 
81.4358703, 3.476031e-09 
80.0781639, 4.608272e-09 
82.7932246, 1.30723e-11 
85.5087994, 3.489779e-09 
84.150931, 1.320006e-09 
86.8664995, 3.650906e-09 
89.5816026, 2.249906e-10 
88.2239019, 3.593508e-10 
90.9394032, 8.602049e-10 
92.2971016, 1.234129e-09 
93.6545562, 8.440614e-10 
95.0122558, 5.072495e-10 
97.7276922, 1.753028e-10 
96.3699917, 2.891034e-10 
99.0851967, 8.448287e-10 
101.8005775, 1.881359e-09 
100.4429021, 1.734373e-09 
103.1582799, 6.943546e-10 
105.8735469, 1.753876e-09 
104.5158318, 7.695924e-10 
107.2311628, 1.120739e-09 
1.3349529, 3.506351e-12 
4.049469, 6.124081e-12 
6.7648147, 2.819378e-11 
9.4794638, 2.198352e-11 
12.1948422, 1.612771e-11 
14.9095839, 2.586585e-12 
17.6250177, 8.782169e-11 
20.3398478, 9.41789e-11 
23.0553584, 1.322149e-11 
25.77026, 1.359128e-10 
28.4858628, 2.093521e-10 
31.2008138, 1.868133e-11 
33.9165101, 5.95759e-10 
36.6314913, 6.022208e-10 
39.3472639, 1.84528e-10 
42.0622619, 1.259852e-09 
44.7780815, 3.075293e-10 
47.4930878, 7.381762e-10 
50.2089269, 2.092412e-09 
52.923936, 5.865354e-11 
55.6397731, 3.992052e-09 
58.3547821, 3.309138e-10 
61.0705972, 5.0032e-09 
63.7856064, 1.268599e-09 
66.5013843, 5.043462e-09 
69.2163973, 1.63249e-09 
71.9321295, 4.672228e-09 
74.6471527, 8.832332e-10 
77.3628305, 4.633619e-09 
80.0778751, 1.106581e-10 
82.7934866, 4.316269e-09 
85.5085667, 1.17439e-10 
88.2241044, 2.250704e-09 
90.9392315, 6.381857e-10 
93.6546984, 1.166364e-10 
96.3698777, 9.029369e-10 
99.0852846, 1.09455e-09 
101.8005145, 7.53659e-10 
104.5158702, 1.836628e-09 
107.2311499, 8.400328e-10 
1.3345542, 1.053387e-11 
2.6922161, 1.129363e-11 
4.0498471, 1.437936e-11 
5.4067888, 2.435804e-11 
6.7644525, 2.480282e-11 
8.1221396, 6.481462e-12 
9.4798114, 2.09207e-12 
10.8368039, 6.340392e-12 
13.5521973, 5.982437e-11 
12.1945068, 1.742129e-11 
14.9099101, 5.449309e-11 
16.2669585, 4.248877e-11 
17.6246972, 2.51489e-11 
18.9824209, 2.942111e-11 
20.340167, 6.955664e-11 
21.6972696, 1.114137e-10 
24.4128245, 9.81242e-11 
23.0550355, 1.535582e-10 
25.770591, 3.836989e-11 
27.1277393, 9.906733e-12 
28.4855201, 4.989201e-11 
29.8433966, 4.075369e-10 
31.2011706, 4.629234e-10 
32.5583554, 3.840382e-10 
33.9161387, 2.002965e-10 
35.2741046, 1.407935e-10 
36.6318763, 4.80667e-10 
37.9890907, 8.706714e-10 
40.7049049, 3.239691e-10 
39.3468673, 1.050049e-09 
42.0626673, 3.16852e-11 
43.4199064, 3.323441e-10 
44.7776702, 1.139e-09 
46.1357556, 2.014e-09 
47.4935026, 1.061351e-09 
48.850763, 1.320416e-10 
50.2085108, 3.219987e-10 
51.5666243, 3.068669e-09 
52.9243515, 3.123356e-09 
54.2816313, 1.469675e-09 
56.9974843, 2.681319e-09 
55.6393607, 6.262399e-11 
58.355189, 4.640601e-09 
59.7124886, 3.516091e-09 
61.070198, 7.77909e-10 
62.4283137, 1.854767e-09 
63.7859958, 5.199435e-09 
65.1433173, 5.017121e-09 
66.5010063, 1.610169e-09 
67.8591016, 1.233484e-09 
69.2167623, 4.899764e-09 
70.5741097, 4.908445e-09 
73.2898449, 1.390442e-09 
71.9317792, 1.361596e-09 
74.6474858, 4.608503e-09 
76.0048652, 3.605119e-09 
77.3625178, 4.187115e-10 
78.7205406, 2.666439e-09 
80.0781641, 4.609482e-09 
81.4355844, 2.07464e-09 
82.7932246, 1.39586e-11 
84.1511895, 3.978446e-09 
85.5087996, 3.544948e-09 
86.86627, 6.6269e-10 
89.5818029, 2.659842e-09 
88.2239021, 3.606536e-10 
90.9394033, 9.453248e-10 
92.2969307, 1.581748e-10 
93.6545564, 8.472073e-10 
95.0123976, 3.419464e-10 
96.3699918, 2.387486e-10 
97.7275793, 1.098543e-09 
99.0851967, 8.265384e-10 
100.4429862, 4.761644e-10 
101.8005773, 1.782747e-09 
103.1582246, 1.939594e-09 
105.8735726, 4.638152e-10 
104.5158319, 7.34553e-10 
107.2311624, 1.076757e-09 
2.6918217, 8.201537e-12 
5.4071647, 7.991367e-12 
8.1217801, 2.923789e-11 
10.8371489, 2.106908e-11 
13.5518626, 4.346677e-12 
16.2672871, 6.697267e-11 
18.9820939, 1.037244e-10 
21.6976003, 6.557176e-12 
24.412485, 5.752434e-11 
27.1280911, 2.792596e-10 
29.8430304, 1.01173e-10 
32.5587362, 3.593668e-10 
35.2737104, 7.255247e-10 
37.989496, 3.143828e-11 
40.7044911, 7.130139e-10 
43.4203263, 1.073582e-09 
46.1353317, 5.545008e-11 
48.8511895, 2.757226e-09 
51.5661973, 6.279932e-10 
54.282057, 3.006451e-09 
56.9970627, 2.468619e-09 
59.7129038, 2.312013e-09 
62.4279072, 4.44106e-09 
65.143713, 1.513093e-09 
67.8587181, 5.230565e-09 
70.5744789, 1.186511e-09 
73.2894921, 4.334739e-09 
76.0051989, 1.890069e-09 
78.7202294, 2.817338e-09 
81.4358705, 3.522102e-09 
84.150931, 1.308104e-09 
86.8664997, 3.770499e-09 
89.5816027, 2.357605e-10 
92.2971016, 1.345786e-09 
95.0122559, 4.808902e-10 
97.7276921, 1.431339e-10 
100.4429022, 1.643965e-09 
103.1582796, 6.584743e-10 
105.8735468, 1.668103e-09 
1.3349529, 3.3647e-12 
2.6922161, 1.089332e-11 
5.4067888, 2.349521e-11 
4.049469, 5.930334e-12 
6.7648147, 2.766762e-11 
8.1221396, 6.051261e-12 
9.4794638, 2.168139e-11 
10.8368039, 6.182315e-12 
13.5521973, 5.844339e-11 
12.1948422, 1.626372e-11 
14.9095838, 2.872723e-12 
16.2669585, 4.191529e-11 
17.6250177, 8.787302e-11 
18.9824209, 2.949438e-11 
20.3398478, 9.484005e-11 
21.6972696, 1.120193e-10 
24.4128245, 9.806469e-11 
23.0553584, 1.398114e-11 
25.77026, 1.372895e-10 
27.1277393, 8.882383e-12 
28.4858628, 2.121113e-10 
29.8433966, 4.148107e-10 
32.5583554, 3.882267e-10 
31.2008138, 1.994105e-11 
33.91651, 6.04321e-10 
35.2741046, 1.420113e-10 
36.6314913, 6.087942e-10 
37.9890907, 8.837924e-10 
40.704905, 3.252174e-10 
39.3472639, 1.905285e-10 
42.0622618, 1.277666e-09 
43.4199063, 3.383202e-10 
44.7780816, 3.044699e-10 
46.1357558, 2.006065e-09 
48.8507631, 1.285081e-10 
47.4930877, 7.540305e-10 
50.208927, 2.086699e-09 
51.5666244, 3.079342e-09 
52.9239361, 6.290882e-11 
54.2816315, 1.439721e-09 
56.9974843, 2.728361e-09 
55.6397731, 3.984284e-09 
58.3547822, 3.229068e-10 
59.7124886, 3.509519e-09 
61.070597, 5.073444e-09 
62.4283136, 1.912175e-09 
65.1433171, 5.077098e-09 
63.7856064, 1.267105e-09 
66.5013842, 5.159086e-09 
67.8591014, 1.253194e-09 
69.2163971, 1.652995e-09 
70.5741097, 4.946403e-09 
73.2898448, 1.377564e-09 
71.9321297, 4.700628e-09 
74.6471526, 8.841681e-10 
76.0048654, 3.561002e-09 
77.3628307, 4.604206e-09 
78.7205406, 2.675432e-09 
81.4355846, 2.0129e-09 
80.0778751, 1.013185e-10 
82.7934868, 4.313538e-09 
84.1511896, 4.054385e-09 
85.5085668, 1.235197e-10 
86.8662701, 6.567722e-10 
89.581803, 2.744946e-09 
88.2241044, 2.306818e-09 
90.9392316, 6.461941e-10 
92.2969309, 1.63489e-10 
93.6546985, 1.406698e-10 
95.0123974, 3.553423e-10 
97.7275796, 1.064278e-09 
96.3698777, 8.987002e-10 
99.0852846, 9.965157e-10 
100.442986, 4.228298e-10 
101.8005145, 7.252752e-10 
103.1582247, 1.854403e-09 
105.8735724, 4.613233e-10 
104.51587, 1.763227e-09 
107.23115, 7.927152e-10 
1.3345542, 1.017154e-11 
4.0498471, 1.345155e-11 
6.7644525, 2.356828e-11 
9.4798113, 1.99628e-12 
12.1945068, 1.684224e-11 
14.90991, 5.254101e-11 
17.6246972, 2.496349e-11 
20.3401671, 6.720723e-11 
23.0550355, 1.507212e-10 
25.7705911, 4.00249e-11 
28.4855201, 4.93103e-11 
31.2011706, 4.651926e-10 
33.9161387, 2.025025e-10 
36.6318762, 4.812045e-10 
39.3468673, 1.055414e-09 
42.0626672, 3.312878e-11 
44.7776701, 1.145369e-09 
47.4935027, 1.055134e-09 
50.2085108, 3.273065e-10 
52.9243515, 3.106511e-09 
55.6393608, 6.123809e-11 
58.3551889, 4.634034e-09 
61.070198, 7.673613e-10 
63.7859955, 5.237925e-09 
66.5010062, 1.609944e-09 
69.2167623, 4.917141e-09 
71.9317791, 1.359514e-09 
74.647486, 4.570551e-09 
77.3625178, 4.00488e-10 
80.0781642, 4.561796e-09 
82.7932246, 1.219829e-11 
85.5087995, 3.539028e-09 
88.2239021, 3.738614e-10 
90.9394033, 9.606992e-10 
93.6545564, 8.473649e-10 
97.7276919, 1.207202e-10 
96.3699918, 2.160526e-10 
99.0851967, 8.214772e-10 
100.4429025, 1.62751e-09 
101.8005774, 1.711633e-09 
103.1582796, 6.426039e-10 
105.873547, 1.614857e-09 
104.5158318, 7.047746e-10 
107.2311625, 1.047216e-09 
109.9464549, 2.551457e-10 
112.6617929, 8.028236e-10 
115.3770427, 8.868412e-10 
118.0924554, 3.425879e-10 
120.8076518, 3.512891e-09 
123.5231525, 1.064081e-11 
126.2383069, 4.583599e-09 
128.9538979, 4.132052e-10 
131.6690283, 4.614103e-09 
134.3847017, 1.35638e-09 
137.0998276, 4.952077e-09 
139.8155731, 1.624562e-09 
142.5307103, 5.286644e-09 
145.2465184, 7.807848e-10 
147.961678, 4.716247e-09 
150.6775335, 5.988728e-11 
153.3927222, 3.129725e-09 
156.1085997, 3.41578e-10 
158.8238188, 1.035857e-09 
161.5396886, 1.154743e-09 
164.2549339, 3.144843e-11 
166.9707616, 1.048538e-09 
169.6860231, 4.886467e-10 
172.4017698, 1.981745e-10 
175.1170302, 4.65684e-10 
177.8326638, 4.91822e-11 
180.5478982, 3.583029e-11 
183.2634065, 1.571639e-10 
185.9785845, 6.490023e-11 
188.6939769, 2.508244e-11 
191.4090691, 5.421787e-11 
194.1243693, 1.84605e-11 
196.8393578, 1.895282e-12 
199.5545979, 1.423765e-11 
202.2694822, 2.272113e-11 
204.9847019, 5.493914e-12 
108.5888692, 1.071655e-09 
109.9464698, 8.622129e-10 
111.3041559, 2.999127e-10 
112.6617477, 1.029407e-10 
114.0195163, 1.692106e-10 
115.3771208, 6.188483e-10 
116.7347431, 2.564145e-09 
118.0923431, 2.259841e-09 
119.4501799, 6.739884e-10 
122.1653546, 3.969551e-09 
120.8077987, 1.163577e-10 
123.5229721, 4.367729e-09 
124.8808799, 2.075028e-09 
126.2385185, 9.958129e-11 
127.5960165, 2.657666e-09 
128.9536585, 4.660648e-09 
130.311634, 3.606647e-09 
131.6692919, 8.649547e-10 
133.0267514, 1.399662e-09 
134.3844178, 4.718505e-09 
135.7424537, 4.924557e-09 
138.4575709, 1.270376e-09 
137.1001284, 1.631133e-09 
139.8152582, 5.1726e-09 
141.1733472, 5.086854e-09 
142.5310365, 1.269474e-09 
143.8884795, 1.928609e-09 
145.2461836, 5.146093e-09 
146.6043193, 3.55992e-09 
147.9620182, 3.192405e-10 
149.3194789, 2.788144e-09 
150.6771917, 4.044501e-09 
152.0353639, 1.441504e-09 
154.7505579, 3.11955e-09 
153.3930618, 7.02903e-11 
156.108266, 2.071421e-09 
157.4664608, 1.200345e-10 
158.8241435, 7.674818e-10 
160.1816889, 1.975781e-09 
161.5393765, 2.875835e-10 
162.8975793, 3.505499e-10 
164.2552301, 1.270752e-09 
165.6128344, 3.073511e-10 
166.970485, 1.957986e-10 
168.3286779, 8.792583e-10 
171.0439467, 1.482611e-10 
169.6862771, 5.961849e-10 
172.4015408, 5.984167e-10 
173.7597036, 3.774634e-10 
175.1172337, 1.844819e-11 
176.4749661, 4.086e-10 
177.8324847, 2.027724e-10 
179.190602, 1.020505e-11 
180.5480557, 1.39917e-10 
181.9058324, 9.179829e-11 
183.2632658, 1.47635e-11 
184.621333, 1.12218e-10 
187.3364991, 3.331878e-11 
185.9787139, 9.017238e-11 
188.6938523, 9.043033e-11 
190.0518751, 4.066704e-11 
191.4091951, 2.592979e-12 
192.766946, 5.406543e-11 
194.1242362, 1.082496e-11 
195.4822267, 9.7761e-12 
196.8395021, 2.461686e-11 
198.1971863, 1.064721e-12 
199.554438, 2.458123e-11 
200.9124097, 2.646612e-11 
203.6272602, 1.156525e-11 
202.2696613, 5.61683e-12 
204.9845019, 6.154067e-12 
206.3424292, 7.041175e-12 
108.5888646, 1.752473e-10 
111.3041919, 4.982347e-10 
114.019448, 1.213455e-09 
116.734845, 2.432209e-10 
119.4500442, 3.720696e-09 
122.1655242, 1.325152e-09 
124.8806777, 3.581785e-09 
127.5962494, 2.849188e-09 
130.3113739, 1.941641e-09 
133.0270351, 4.31548e-09 
135.7421501, 1.223508e-09 
138.4578908, 5.184864e-09 
141.1730137, 1.540031e-09 
143.8888234, 4.470796e-09 
146.6039681, 2.375347e-09 
149.3198335, 2.48182e-09 
152.0350098, 3.091141e-09 
154.7509076, 6.064313e-10 
157.4661191, 2.7468e-09 
160.1820197, 6.090244e-11 
162.8972625, 1.033133e-09 
165.6131342, 7.171226e-10 
168.3283982, 3.066935e-11 
171.0442034, 7.088378e-10 
173.759472, 3.530305e-10 
176.4751716, 9.685151e-11 
179.1904218, 2.631197e-10 
181.9059902, 5.895696e-11 
184.6211926, 7.748777e-12 
187.3366282, 9.742295e-11 
190.05175, 6.623229e-11 
192.767074, 4.206602e-12 
195.48209, 2.233202e-11 
198.1973372, 1.702029e-11 
200.9122402, 2.055032e-11 
203.6274511, 7.066625e-12 
206.3422105, 7.527796e-12 
108.5888693, 1.127383e-09 
109.9464552, 2.723372e-10 
111.304156, 3.109398e-10 
114.0195166, 1.707305e-10 
112.6617929, 8.301947e-10 
115.377043, 8.833493e-10 
116.7347431, 2.61545e-09 
118.0924555, 3.659746e-10 
119.4501802, 6.610972e-10 
122.1653547, 4.102298e-09 
120.8076519, 3.587775e-09 
123.5231526, 1.070486e-11 
124.88088, 2.063304e-09 
126.238307, 4.711795e-09 
127.5960168, 2.801615e-09 
130.311634, 3.589096e-09 
128.9538978, 3.899357e-10 
131.6690284, 4.654289e-09 
133.0267515, 1.460026e-09 
134.3847016, 1.322069e-09 
135.7424536, 4.875593e-09 
138.4575706, 1.278799e-09 
137.0998275, 4.911797e-09 
139.8155731, 1.584974e-09 
141.1733472, 5.026093e-09 
142.53071, 5.278452e-09 
143.8884793, 1.940589e-09 
146.6043193, 3.535587e-09 
145.2465186, 7.617318e-10 
147.9616779, 4.731198e-09 
149.3194789, 2.799625e-09 
150.6775336, 5.865373e-11 
152.035364, 1.442839e-09 
154.7505579, 3.121224e-09 
153.3927222, 3.137886e-09 
156.1085997, 3.409086e-10 
157.4664609, 1.194564e-10 
158.823819, 1.031938e-09 
160.181689, 1.979376e-09 
162.8975793, 3.432792e-10 
161.5396887, 1.14296e-09 
164.2549339, 3.227395e-11 
165.6128344, 3.043444e-10 
166.9707617, 1.035886e-09 
168.3286779, 8.647138e-10 
171.0439467, 1.410782e-10 
169.6860232, 4.77594e-10 
172.4017698, 1.916423e-10 
173.7597035, 3.709195e-10 
175.1170303, 4.495048e-10 
176.4749661, 3.911713e-10 
179.1906019, 1.012385e-11 
177.8326637, 4.968702e-11 
180.5478981, 3.236851e-11 
181.9058323, 8.898197e-11 
183.2634064, 1.527885e-10 
184.621333, 1.070921e-10 
187.336499, 3.140781e-11 
185.9785844, 6.494386e-11 
188.6939769, 2.267722e-11 
190.0518751, 3.862705e-11 
191.409069, 5.148532e-11 
192.766946, 5.163927e-11 
195.4822268, 9.635873e-12 
194.1243693, 1.922628e-11 
196.8393578, 1.917305e-12 
198.1971864, 1.204125e-12 
199.554598, 1.429828e-11 
200.9124097, 2.577312e-11 
203.6272603, 1.119827e-11 
202.2694822, 2.271966e-11 
204.984702, 5.503434e-12 
206.3424291, 6.385772e-12 
109.9464698, 8.991702e-10 
112.6617479, 9.869599e-11 
115.3771209, 6.569091e-10 
118.0923434, 2.245719e-09 
120.8077988, 1.32258e-10 
123.5229723, 4.42442e-09 
126.2385184, 8.552563e-11 
128.9536585, 4.728256e-09 
131.6692916, 8.383793e-10 
134.3844178, 4.713009e-09 
137.1001283, 1.60327e-09 
139.815258, 5.145032e-09 
142.5310367, 1.232337e-09 
145.2461834, 5.144181e-09 
147.9620184, 3.0864e-10 
150.6771917, 4.047586e-09 
153.3930619, 6.940064e-11 
156.1082661, 2.072372e-09 
158.8241435, 7.616122e-10 
161.5393766, 2.928489e-10 
164.2552301, 1.257799e-09 
166.9704851, 1.930619e-10 
169.6862771, 5.88262e-10 
172.4015408, 5.83375e-10 
175.1172336, 1.886194e-11 
177.8324846, 1.963209e-10 
180.5480556, 1.350774e-10 
183.2632657, 1.441794e-11 
185.9787139, 8.534473e-11 
188.6938523, 8.555539e-11 
191.4091952, 2.449688e-12 
194.1242363, 1.018528e-11 
196.8395021, 2.354104e-11 
199.554438, 2.361666e-11 
202.2696613, 5.465596e-12 
204.9845019, 5.808038e-12 
108.5888648, 1.761116e-10 
109.9464552, 2.861656e-10 
111.3041921, 5.211188e-10 
114.0194481, 1.229655e-09 
112.6617929, 8.634354e-10 
115.3770432, 8.548441e-10 
116.7348453, 2.302422e-10 
118.0924556, 3.89262e-10 
119.4500444, 3.756205e-09 
122.1655245, 1.289163e-09 
120.8076522, 3.544548e-09 
123.5231526, 1.307177e-11 
124.880678, 3.685394e-09 
126.2383071, 4.707478e-09 
127.5962494, 2.803201e-09 
130.3113743, 2.024548e-09 
128.9538976, 3.747532e-10 
131.6690283, 4.660119e-09 
133.027035, 4.288606e-09 
134.3847013, 1.316123e-09 
135.7421502, 1.235032e-09 
138.4578908, 5.167384e-09 
137.0998273, 4.915158e-09 
139.8155732, 1.564845e-09 
141.1730133, 1.541232e-09 
142.5307098, 5.255561e-09 
143.8888235, 4.423716e-09 
146.6039679, 2.396111e-09 
145.2465188, 7.390058e-10 
147.9616778, 4.716754e-09 
149.3198336, 2.460102e-09 
150.6775337, 5.830919e-11 
152.0350099, 3.091178e-09 
154.7509077, 6.074005e-10 
153.3927223, 3.132997e-09 
156.1085997, 3.345985e-10 
157.4661192, 2.760772e-09 
158.823819, 1.04326e-09 
160.1820197, 5.835847e-11 
162.8972626, 1.045907e-09 
161.5396886, 1.138328e-09 
164.254934, 3.350687e-11 
165.6131342, 7.022419e-10 
166.9707617, 1.029915e-09 
168.3283982, 2.96322e-11 
171.0442034, 7.061912e-10 
169.6860232, 4.721244e-10 
172.4017697, 1.949898e-10 
173.7594719, 3.373642e-10 
175.1170302, 4.437993e-10 
176.4751715, 9.859603e-11 
179.1904217, 2.598719e-10 
177.8326636, 4.712621e-11 
180.547898, 3.460022e-11 
181.9059902, 5.4168e-11 
183.2634064, 1.468153e-10 
184.6211925, 7.844275e-12 
187.3366283, 9.294825e-11 
185.9785843, 5.993034e-11 
188.693977, 2.208477e-11 
190.05175, 6.092818e-11 
191.4090691, 4.923839e-11 
192.7670741, 4.396188e-12 
195.4820901, 2.200589e-11 
194.1243694, 1.76159e-11 
196.8393579, 1.712792e-12 
198.1973372, 1.552517e-11 
199.5545979, 1.341356e-11 
200.9122402, 1.864802e-11 
202.2694822, 2.096784e-11 
203.6274511, 6.812836e-12 
204.9847019, 5.041792e-12 
206.3422103, 7.574764e-12 
108.5888692, 1.161728e-09 
111.3041561, 3.090942e-10 
114.0195168, 1.760399e-10 
116.7347433, 2.589495e-09 
119.4501805, 6.300988e-10 
122.1653549, 4.092646e-09 
124.8808802, 1.999381e-09 
127.5960171, 2.834997e-09 
130.3116339, 3.544565e-09 
133.0267518, 1.461841e-09 
135.7424536, 4.899174e-09 
138.4575705, 1.274613e-09 
141.1733473, 5.029635e-09 
143.8884791, 1.944528e-09 
146.6043194, 3.493511e-09 
149.3194788, 2.810276e-09 
152.035364, 1.42935e-09 
154.750558, 3.127331e-09 
157.4664609, 1.216881e-10 
160.1816891, 1.999544e-09 
162.8975793, 3.368708e-10 
165.6128344, 3.138363e-10 
168.3286779, 8.629091e-10 
171.0439466, 1.345134e-10 
173.7597035, 3.781556e-10 
176.474966, 3.892919e-10 
179.1906019, 8.99673e-12 
181.9058322, 9.39687e-11 
184.6213331, 1.020081e-10 
187.336499, 2.678726e-11 
190.0518752, 3.890805e-11 
192.7669462, 4.97388e-11 
195.4822268, 8.362958e-12 
198.1971864, 9.938005e-13 
200.9124096, 2.386216e-11 
203.6272602, 1.034674e-11 
206.342429, 5.7147e-12 
108.5888647, 1.511381e-10 
109.9464697, 9.165223e-10 
111.304192, 5.311295e-10 
114.0194483, 1.204647e-09 
112.6617479, 1.034207e-10 
115.3771208, 6.644653e-10 
118.0923436, 2.180264e-09 
116.7348455, 2.242132e-10 
119.4500444, 3.665282e-09 
122.1655247, 1.242725e-09 
120.8077989, 1.409608e-10 
123.5229725, 4.322924e-09 
124.8806781, 3.612106e-09 
126.2385184, 8.346547e-11 
127.5962494, 2.745183e-09 
130.3113744, 1.965486e-09 
128.9536584, 4.663031e-09 
131.6692915, 8.489141e-10 
134.3844176, 4.72784e-09 
133.027035, 4.306746e-09 
135.7421503, 1.215223e-09 
138.4578909, 5.226561e-09 
137.1001282, 1.614469e-09 
139.8152579, 5.155375e-09 
141.1730134, 1.53581e-09 
142.5310368, 1.226375e-09 
143.8888236, 4.430934e-09 
146.6039678, 2.385958e-09 
145.2461834, 5.104037e-09 
147.9620185, 3.03794e-10 
150.6771917, 4.02574e-09 
149.3198336, 2.4305e-09 
152.0350099, 3.099833e-09 
154.7509076, 6.068211e-10 
153.3930619, 6.983434e-11 
156.1082661, 2.082415e-09 
157.4661193, 2.768115e-09 
158.8241434, 7.532575e-10 
160.1820196, 5.62915e-11 
162.8972626, 1.061619e-09 
161.5393767, 3.030877e-10 
164.25523, 1.260531e-09 
166.9704851, 1.875124e-10 
165.6131341, 7.066753e-10 
168.3283981, 2.944413e-11 
171.0442033, 7.158452e-10 
169.686277, 5.969661e-10 
172.4015407, 5.847098e-10 
173.7594718, 3.415037e-10 
175.1172336, 2.120831e-11 
176.4751715, 1.038049e-10 
179.1904216, 2.693522e-10 
177.8324845, 2.031011e-10 
180.5480556, 1.304025e-10 
183.2632657, 1.347903e-11 
181.9059903, 5.089856e-11 
184.6211925, 8.286569e-12 
187.3366283, 9.340894e-11 
185.978714, 8.466449e-11 
188.6938523, 8.138173e-11 
190.0517501, 5.843822e-11 
191.4091953, 2.491099e-12 
192.7670741, 4.471868e-12 
195.4820902, 2.227016e-11 
194.1242364, 1.085253e-11 
196.8395021, 2.169049e-11 
198.1973372, 1.439297e-11 
199.554438, 2.122112e-11 
200.9122403, 1.69488e-11 
203.627451, 6.537097e-12 
202.2696612, 5.210871e-12 
204.9845018, 5.530375e-12 
206.3422102, 6.691624e-12 
109.9464548, 2.793141e-10 
112.6617928, 8.487935e-10 
115.3770431, 8.478172e-10 
118.0924555, 3.818419e-10 
120.8076523, 3.426988e-09 
123.5231526, 1.394855e-11 
126.238307, 4.562195e-09 
128.9538976, 3.923064e-10 
131.6690281, 4.621746e-09 
134.3847013, 1.347264e-09 
137.0998273, 4.947941e-09 
139.8155731, 1.589839e-09 
142.53071, 5.252443e-09 
145.2465188, 7.481854e-10 
147.9616779, 4.669741e-09 
150.6775337, 5.893813e-11 
153.3927223, 3.131957e-09 
156.1085997, 3.341854e-10 
158.823819, 1.057389e-09 
161.5396886, 1.13466e-09 
164.2549339, 3.371795e-11 
166.9707616, 1.047338e-09 
169.6860231, 4.709476e-10 
172.4017696, 2.027857e-10 
175.1170301, 4.581072e-10 
177.8326636, 4.567925e-11 
180.547898, 3.92678e-11 
183.2634065, 1.46895e-10 
185.9785844, 5.712707e-11 
188.693977, 2.422179e-11 
191.4090692, 5.013998e-11 
194.1243694, 1.609085e-11 
196.8393579, 1.638119e-12 
199.5545979, 1.286848e-11 
202.2694822, 1.9797e-11 
204.9847019, 4.756898e-12 
108.588869, 1.13866e-09 
109.9464698, 8.832226e-10 
111.3041561, 2.927319e-10 
112.6617475, 1.14941e-10 
114.0195166, 1.737805e-10 
115.3771207, 6.379759e-10 
116.7347434, 2.520914e-09 
118.0923434, 2.151549e-09 
119.4501806, 6.259836e-10 
122.1653549, 3.947623e-09 
120.8077987, 1.269198e-10 
123.5229723, 4.179523e-09 
124.8808802, 1.964776e-09 
126.2385184, 9.720227e-11 
127.596017, 2.688634e-09 
128.9536582, 4.575694e-09 
130.3116339, 3.546596e-09 
131.6692917, 8.794886e-10 
133.0267518, 1.400022e-09 
134.3844175, 4.729848e-09 
135.7424537, 4.960241e-09 
138.4575708, 1.258701e-09 
137.1001282, 1.654475e-09 
139.8152581, 5.185859e-09 
141.1733474, 5.09355e-09 
142.5310366, 1.259801e-09 
143.8884793, 1.929818e-09 
145.2461836, 5.095804e-09 
146.6043194, 3.503669e-09 
147.9620184, 3.125476e-10 
149.3194787, 2.79246e-09 
150.6771917, 4.002561e-09 
152.0353639, 1.419559e-09 
154.750558, 3.132059e-09 
153.3930619, 7.057171e-11 
156.108266, 2.091239e-09 
157.4664608, 1.237574e-10 
158.8241434, 7.569527e-10 
160.1816891, 2.005275e-09 
161.5393766, 3.054272e-10 
162.8975792, 3.379052e-10 
164.2552299, 1.270589e-09 
165.6128343, 3.201807e-10 
166.970485, 1.880431e-10 
168.3286778, 8.773059e-10 
171.0439466, 1.371644e-10 
169.6862769, 6.110341e-10 
172.4015406, 5.987571e-10 
173.7597035, 3.879243e-10 
175.1172336, 2.22088e-11 
176.4749659, 4.049822e-10 
177.8324845, 2.139971e-10 
179.190602, 8.551799e-12 
180.5480557, 1.317486e-10 
181.9058323, 9.888868e-11 
183.2632657, 1.345377e-11 
184.6213331, 1.039323e-10 
187.3364991, 2.588853e-11 
185.978714, 8.875671e-11 
188.6938524, 8.332957e-11 
190.0518752, 4.096374e-11 
191.4091952, 2.741778e-12 
192.7669462, 5.08204e-11 
194.1242364, 1.187246e-11 
195.4822268, 7.809048e-12 
196.8395021, 2.156963e-11 
198.1971864, 7.663242e-13 
199.554438, 2.067728e-11 
200.9124096, 2.329491e-11 
203.6272602, 1.014475e-11 
202.2696612, 5.193021e-12 
204.9845018, 5.656963e-12 
206.342429, 5.948289e-12 
108.5888644, 1.393842e-10 
111.3041917, 5.050728e-10 
114.0194482, 1.188982e-09 
116.7348452, 2.325397e-10 
119.4500445, 3.574249e-09 
122.1655245, 1.257483e-09 
124.8806779, 3.423945e-09 
127.5962494, 2.763065e-09 
130.3113742, 1.863739e-09 
133.0270351, 4.339658e-09 
135.7421505, 1.182251e-09 
138.457891, 5.290619e-09 
141.1730138, 1.52334e-09 
143.8888236, 4.482214e-09 
146.603968, 2.370871e-09 
149.3198335, 2.448588e-09 
152.0350098, 3.077672e-09 
157.4661192, 2.772758e-09 
154.7509075, 6.043985e-10 
162.8972626, 1.064011e-09 
160.1820196, 5.887892e-11 
168.3283981, 3.002639e-11 
165.6131341, 7.134813e-10 
173.7594718, 3.55626e-10 
171.0442034, 7.305789e-10 
179.1904217, 2.791249e-10 
176.4751716, 1.050914e-10 
184.6211926, 8.123955e-12 
181.9059904, 5.341361e-11 
190.0517502, 6.209786e-11 
187.3366283, 9.789645e-11 
195.4820901, 2.279116e-11 
192.767074, 4.396224e-12 
200.9122402, 1.774119e-11 
198.1973372, 1.494643e-11 
206.3422103, 6.201438e-12 
203.6274511, 6.686029e-12 
109.9464546, 2.591648e-10 
108.588869, 1.073444e-09 
114.0195164, 1.695942e-10 
111.3041558, 2.874131e-10 
115.3770428, 8.757169e-10 
112.6617928, 8.157758e-10 
118.0924553, 3.529491e-10 
116.7347433, 2.526868e-09 
122.1653548, 3.844973e-09 
119.4501802, 6.518188e-10 
123.5231525, 1.249841e-11 
120.807652, 3.393403e-09 
126.2383068, 4.496145e-09 
124.88088, 2.023105e-09 
130.311634, 3.577877e-09 
127.5960166, 2.588391e-09 
131.669028, 4.596958e-09 
128.9538979, 4.131077e-10 
134.3847015, 1.37335e-09 
133.0267516, 1.366116e-09 
138.4575711, 1.248648e-09 
135.7424538, 4.979943e-09 
139.815573, 1.629314e-09 
137.0998275, 4.964659e-09 
142.5307103, 5.276741e-09 
141.1733474, 5.131734e-09 
146.6043193, 3.544237e-09 
143.8884796, 1.926004e-09 
147.961678, 4.681011e-09 
145.2465185, 7.725029e-10 
150.6775336, 6.001768e-11 
149.3194789, 2.780325e-09 
154.7505579, 3.114019e-09 
152.0353639, 1.433942e-09 
156.1085997, 3.390245e-10 
153.3927222, 3.122104e-09 
158.8238189, 1.055297e-09 
157.4664608, 1.207993e-10 
162.8975792, 3.445434e-10 
160.181689, 2.007986e-09 
164.2549339, 3.24933e-11 
161.5396886, 1.148567e-09 
166.9707615, 1.05468e-09 
165.6128344, 3.12745e-10 
171.0439465, 1.461364e-10 
168.3286779, 8.850252e-10 
172.4017697, 2.052086e-10 
169.6860231, 4.839329e-10 
175.1170301, 4.709078e-10 
173.7597035, 3.90406e-10 
179.1906021, 9.068064e-12 
176.474966, 4.158167e-10 
180.5478981, 4.000398e-11 
177.8326637, 4.677983e-11 
183.2634066, 1.529665e-10 
181.9058324, 9.802755e-11 
187.3364991, 2.989351e-11 
184.6213331, 1.098652e-10 
188.693977, 2.602916e-11 
185.9785845, 6.0227e-11 
191.4090692, 5.314519e-11 
190.0518751, 4.218312e-11 
195.4822267, 8.534732e-12 
192.7669461, 5.347978e-11 
196.8393578, 1.742389e-12 
194.1243693, 1.659923e-11 
199.5545979, 1.329878e-11 
198.1971863, 7.753508e-13 
203.6272602, 1.092539e-11 
200.9124097, 2.490909e-11 
204.9847019, 5.038598e-12 
202.2694822, 2.087952e-11 
108.5888644, 1.544346e-10 
206.3424291, 6.734018e-12 
111.3041917, 4.853325e-10 
109.9464698, 8.512109e-10 
112.6617474, 1.143875e-10 
114.019448, 1.200664e-09 
116.7348449, 2.416819e-10 
115.3771207, 6.120888e-10 
119.4500444, 3.604017e-09 
118.0923431, 2.198978e-09 
120.8077986, 1.112429e-10 
122.1655242, 1.313329e-09 
124.8806777, 3.420083e-09 
123.5229721, 4.222015e-09 
127.5962494, 2.823959e-09 
126.2385185, 1.064295e-10 
128.9536582, 4.575405e-09 
130.3113739, 1.85479e-09 
133.0270351, 4.340808e-09 
131.6692919, 8.869972e-10 
135.7421504, 1.189282e-09 
134.3844177, 4.729244e-09 
137.1001283, 1.666367e-09 
138.4578909, 5.267597e-09 
141.1730139, 1.528545e-09 
139.8152583, 5.197091e-09 
143.8888235, 4.501612e-09 
142.5310364, 1.285369e-09 
145.2461837, 5.127328e-09 
146.6039682, 2.36995e-09 
149.3198335, 2.475856e-09 
147.9620181, 3.208431e-10 
152.0350098, 3.076792e-09 
150.6771918, 4.023394e-09 
153.3930618, 6.947929e-11 
154.7509075, 6.05684e-10 
157.4661191, 2.756182e-09 
156.1082659, 2.072674e-09 
160.1820196, 6.173537e-11 
158.8241435, 7.696044e-10 
161.5393765, 2.996651e-10 
162.8972625, 1.050716e-09 
165.6131342, 7.204678e-10 
164.2552299, 1.278552e-09 
168.3283981, 3.060911e-11 
166.970485, 1.938473e-10 
169.686277, 6.071339e-10 
171.0442034, 7.263516e-10 
173.7594719, 3.629378e-10 
172.4015406, 6.104525e-10 
176.4751716, 1.009219e-10 
175.1172337, 2.074847e-11 
177.8324846, 2.129539e-10 
179.1904218, 2.764332e-10 
181.9059903, 5.851588e-11 
180.5480557, 1.379591e-10 
184.6211927, 7.73034e-12 
183.2632659, 1.401558e-11 
185.978714, 9.212302e-11 
187.3366282, 1.003792e-10 
190.0517501, 6.704793e-11 
188.6938524, 8.914543e-11 
192.7670739, 4.199904e-12 
191.4091951, 2.774119e-12 
194.1242363, 1.196287e-11 
195.48209, 2.28042e-11 
198.1973372, 1.661591e-11 
196.8395021, 2.322904e-11 
200.9122402, 2.000375e-11 
199.554438, 2.268803e-11 
202.2696613, 5.458014e-12 
203.6274511, 7.020365e-12 
206.3422104, 6.703336e-12 
204.9845018, 6.072423e-12 
